Industry,Sector
REIT - Industrial,Real Estate
REIT - Specialty,Real Estate
REIT - Retail,Real Estate
REIT - Healthcare Facilities,Real Estate
Real Estate Services,Real Estate
REIT - Diversified,Real Estate
REIT - Residential,Real Estate
REIT - Office,Real Estate
REIT - Hotel & Motel,Real Estate
REIT - Mortgage,Real Estate
REIT—Industrial,Real Estate
REIT—Healthcare Facilities,Real Estate
REIT—Retail,Real Estate
REIT—Mortgage,Real Estate
REIT—Office,Real Estate
REIT—Specialty,Real Estate
REIT—Residential,Real Estate
Real Estate—Diversified,Real Estate
REIT—Diversified,Real Estate
REIT—Hotel & Motel,Real Estate
Real Estate—Development,Real Estate
